name,split,MAE,RMSE,R2,MAPE_percent,mode,loss,target_kind,trees,role,rows
median_rpm_baseline,August tuning,260.52348094384564,673.9638994294372,0.791170203312511,11.458484902348802,,,,,,
core_rpm_mae,August tuning,85.02909059668913,613.7807199459473,0.8268008798568147,3.9471963979509384,core,MAE,rpm,292.0,,
core_rate_rmse,August tuning,133.79201481989622,617.2382972673336,0.8248440374112911,6.792876888585941,core,RMSE,rate,142.0,,
core_rpm_rmse,August tuning,114.33089540234513,614.597440302818,0.8263396422990887,5.20090928993306,core,RMSE,rpm,226.0,,
quote_rpm_mae,August tuning,147.42034303470558,623.3486963553647,0.821358931370749,6.88727078507714,quote,MAE,rpm,102.0,,
quote_rate_rmse,August tuning,138.4800949825323,619.1274352658429,0.8237702214871423,7.187350693778363,quote,RMSE,rate,132.0,,
chart_rpm_mae,August tuning,93.17845482378361,612.7943381706948,0.827357114924856,4.248185983340477,chart,MAE,rpm,707.0,,
chart_rate_rmse,August tuning,138.45315358277279,619.1038636748737,0.8237836401694448,6.531146688975145,chart,RMSE,rate,404.0,,
median_rpm_baseline,September-October locked test,256.9529387982172,684.2479113135149,0.7989574036671688,11.631462355075119,,,,,,
core_rpm_mae,September-October locked test,117.41406329471515,636.9070841724022,0.8258139854563027,5.037541085639093,,,,,main,
core_rpm_mae,2025-09 locked test,114.79459476204369,620.1596278946629,0.834261195350974,4.628286321751713,,,,,main,
core_rpm_mae,2025-10 locked test,119.93475524764646,652.6173735435328,0.817713606021997,5.43136341148992,,,,,main,
core_rpm_mae,locked test seen cities,117.41406329471515,636.9070841724022,0.8258139854563027,5.037541085639093,,,,,main,9523.0
chart_rpm_mae,September-October locked test,107.59290715742438,633.5524361907266,0.8276440605473273,4.748434963047458,,,,,chart,
chart_rpm_mae,2025-09 locked test,103.54358443466487,615.9944754923049,0.8364800085107365,4.2568818481350394,,,,,chart,
chart_rpm_mae,2025-10 locked test,111.48953545235267,650.0006742800703,0.8191724468012627,5.221452281539319,,,,,chart,
chart_rpm_mae,locked test seen cities,107.59290715742438,633.5524361907266,0.8276440605473273,4.748434963047458,,,,,chart,9523.0
